<?xml version="1.0" encoding="UTF-8" ?>
<module>
    <name>productcomments</name>
    <displayName><![CDATA[Commentaires produits]]></displayName>
    <version><![CDATA[5.0.1]]></version>
    <description><![CDATA[Permettez aux utilisateurs de publier des avis sur vos produits et/ou de les &eacute;valuer en fonction de crit&egrave;res sp&eacute;cifiques.]]></description>
    <author><![CDATA[PrestaShop]]></author>
    <tab><![CDATA[front_office_features]]></tab>
    <is_configurable>1</is_configurable>
    <need_instance>0</need_instance>
</module>